1,Nacional,Picnic,Niño 6 a 12 años,No exonerado,3,3390.00
2,Extranjero,Picnic,Niño 6 a 12 años,No exonerado,3,16.95
3,Nacional,Camping,Niño 6 a 12 años,No exonerado,3,10170.00
4,Nacional,Camping,Niño 6 a 12 años,No exonerado,3,10170.00
5,Nacional,Camping,Adulto,No exonerado,2,9040.00
5,Nacional,Camping,Niño 6 a 12 años,No exonerado,3,10170.00
6,Nacional,Camping,Adulto,No exonerado,2,9040.00
6,Nacional,Camping,Niño 6 a 12 años,No exonerado,2,6780.00
7,Nacional,Camping,Adulto,No exonerado,2,9040.00
7,Nacional,Camping,Niño 6 a 12 años,No exonerado,3,10170.00
8,Nacional,Camping,Niño 6 a 12 años,No exonerado,3,10170.00
9,Nacional,Camping,Niño 6 a 12 años,No exonerado,3,10170.00
10,Nacional,Camping,Niño 6 a 12 años,No exonerado,3,10170.00
